equipment_model_id,model,make,equipment_type,specs_url,is_cnc,manufacturer_image_urls,capabilities,equipment_model_name,created_at,last_updated,specific_specs
05d96f72-2b1a-4310-b9da-c983a7fbf6c5,FUSE 1,Formlabs,3D Printer,,true,"[""05d96f72-2b1a-4310-b9da-c983a7fbf6c5/formlabs_fuse1.webp""]","[""3D print""]",Formlabs FUSE 1 SLS Printer,2025-07-16 20:45:20.939839+00,2025-07-16 20:45:20.939839+00,"{""bed_cm"":""16.5 x 16.5 x 30.0"",""print_speed"":""Varies""}"
067e5e7d-04f8-4321-b989-1fd537889061,ShopBot,ShopBot,Cnc Router,https://docs.google.com/document/d/1JfOShgeXLpGsQ0OfnWDfYheerQUW144qVhuE4nTOIOg/edit,true,"[""067e5e7d-04f8-4321-b989-1fd537889061/shopbot.jpg""]","[""Route"",""Mill"",""Cut""]",ShopBot,2025-12-16 02:52:29.691792+00,2025-12-16 02:52:29.691792+00,
08d60562-7d7f-4f5f-84b3-8e5bfc9798c3,Chop saw,Bosch,Chop Saw,,false,"[""08d60562-7d7f-4f5f-84b3-8e5bfc9798c3/bosch.webp""]","[""cut""]",Bosch chop saw,2025-07-16 20:45:20.939839+00,2025-07-16 20:45:20.939839+00,"{""blade_diameter_in"":8.5,""max_blade_speed_rpm"":5600,""bevel_angle_range_deg"":""2 left - 47 right"",""miter_angle_range_deg"":""52 left - 60 right"",""max_cut_depth_0_deg_bevel_in"":2,""max_cut_depth_45_deg_bevel_in"":2}"
0a5ae86b-2e4c-4281-93e3-39250b5bc783,Downdraft Table,Downdraft Table,Downdraft Table,https://docs.google.com/document/d/1riStNl0guzMM9YgmHNxfTkGZujfnS6oYvmQ4wVkPWCo/edit?tab=t.0,false,"[""0a5ae86b-2e4c-4281-93e3-39250b5bc783/downdraft_tables.jpg""]","[""grind"",""sand""]",Downdraft Table,2025-12-16 02:52:29.691792+00,2025-12-16 02:52:29.691792+00,
12895fe9-6816-4a54-b8c9-67a678694bf6,Mini band saw,Dayton,Band Saw,,false,"[""12895fe9-6816-4a54-b8c9-67a678694bf6/dayton.jpg""]","[""cut""]",Dayton mini band saw,2025-07-16 20:45:20.939839+00,2025-07-16 20:45:20.939839+00,"{""throat_depth_in"":""Vertical 9.5"",""blade_thickness_in"":0.025,""miter_angle_range_deg"":""0-45"",""rectangular_cutting_capacity_in"":""Horizontal 4 x 9.5""}"
149fbf80-5442-4a82-9d01-4d4ba116b3eb,PLS60.150D,Universal Systems,CO2 Laser,,true,"[""149fbf80-5442-4a82-9d01-4d4ba116b3eb/universal.png""]","[""cut""]",Universal systems PLS60.150D,2025-07-16 20:45:20.939839+00,2025-07-16 20:45:20.939839+00,"{""bed_in"":""18 x 32 x 6"",""resolution"":""User controlled from 75 to 1200 dpi"",""max_thickness"":""Varies by material"",""operating_modes"":""Optimized raster, vector or combined""}"
168c7c8a-bf27-46e8-af02-f0aa1f3894fd,ProtoMax,OMAX,Waterjet,,true,"[""168c7c8a-bf27-46e8-af02-f0aa1f3894fd/protomax.jpg""]","[""cut"",""drill""]",ProtoMax,2025-07-16 20:45:20.939839+00,2025-07-16 20:45:20.939839+00,"{""bed_in"":""12 x 12"",""max_thickness_in"":1}"
16a371f6-426c-43f5-92d8-0f51d19a4760,Ender 3 V2,Creality,3D Printer,,true,"[""16a371f6-426c-43f5-92d8-0f51d19a4760/ender3.jpg""]","[""3D print""]",Ender 3 V2 FDM Printer,2025-07-16 20:45:20.939839+00,2025-07-16 20:45:20.939839+00,"{""bed_mm"":""220 x 220 x 250"",""print_speed_mm/s"":180}"
1e3e2efd-01f1-41d3-aaca-c6f9c39af47c,Tool Box,Tool Box,Storage,https://docs.google.com/document/d/1Ke_nQYWnkDgiJn0YuLDbg4eoXKzR8jMaK1QcFk9P_8g/edit,false,"[""1e3e2efd-01f1-41d3-aaca-c6f9c39af47c/tool_box.png""]","[""Store""]",Tool Box,2025-12-16 02:52:29.691792+00,2025-12-16 02:52:29.691792+00,
2121d608-6368-4d8f-ade2-c77d5a71a1c3,Horizontal Bandsaw,Horizontal Bandsaw,Bandsaw,https://docs.google.com/document/d/1P1f1SZQM7pr22mYuOTvdkNEcOYmjpI51cYlQUNRv1Wo/edit,false,"[""2121d608-6368-4d8f-ade2-c77d5a71a1c3/horizontal_bandsaw.jpg""]","[""Cut""]",Horizontal Bandsaw,2025-12-16 02:52:29.691792+00,2025-12-16 02:52:29.691792+00,
24597ad9-38c2-4337-8c2c-a892dbd837a1,Disc Sander,Disc Sander,Disc Sander,https://docs.google.com/document/d/1Vb70IX7WeF_rfpHqb3bpO8SUr8DBuVe7X5TQua1K4Zc/edit?tab=t.0,false,"[""24597ad9-38c2-4337-8c2c-a892dbd837a1/disc_sander.jpg""]","[""sand""]",Disc Sander,2025-12-16 02:52:29.691792+00,2025-12-16 02:52:29.691792+00,
2566fbe9-c65c-4ebe-a067-5b4c3462f7fe,Slip Roll,Slip Roll,Metal Forming Roll,https://docs.google.com/document/d/1uT9eUxjrLZCEaJQPfN4cltjdkXb1c1GLWong08czWdI/edit,false,"[""2566fbe9-c65c-4ebe-a067-5b4c3462f7fe/slip_roll.jpg""]","[""Form"",""Roll"",""Curve""]",Slip Roll,2025-12-16 02:52:29.691792+00,2025-12-16 02:52:29.691792+00,
28a593e5-1dc1-4b8e-bbfa-0510712f79ad,V2XT,Bridgeport,Mill,,false,"[""28a593e5-1dc1-4b8e-bbfa-0510712f79ad/bridgeport.jpg""]","[""mill""]","Bridgeport 3 axis mill ",2025-07-16 20:45:20.939839+00,2025-07-16 20:45:20.939839+00,"{""knee_travel_in"":16,""quill_travel_in"":5,""working_area_in"":""12 x 32 x 10"",""throat_distance_in"":""Min. 6.75 / Max. 18.75"",""x_axis_table_travel_in"":36,""y_axis_table_travel_in"":12,""spindle_speed_range_low_rpm"":""60-500"",""spindle_speed_range_high_rpm"":""500-4200""}"
299883b3-7116-475e-9eb6-ea6698fa44d3,Oven,Oven,Curing Oven,https://docs.google.com/document/d/1q0UXpeY8toVf_GqN0LNnEdZug2dL5PpyeevG6Bk49pw/edit,false,"[""299883b3-7116-475e-9eb6-ea6698fa44d3/oven.jpg""]","[""Cure"",""Bake"",""Heat""]",Oven,2025-12-16 02:52:29.691792+00,2025-12-16 02:52:29.691792+00,
2ebac9b0-7ff1-4d5d-b317-05006529e135,Dust Collector,Dust Collector,Dust Collector,https://docs.google.com/document/d/13SmEY1N4lox7YfgvYnqG0C23opsbqPBFzlBAGChDC0A/edit,false,"[""2ebac9b0-7ff1-4d5d-b317-05006529e135/dust_collector.jpg""]","[""Collect"",""Filter""]",Dust Collector In Dyno Room,2025-12-16 02:52:29.691792+00,2025-12-16 02:52:29.691792+00,
3fecc579-b78f-4137-9a8e-36638b0b602f,Mail Table,Mail Table,Table,https://docs.google.com/document/d/195DCDnL4f1JgOQ4xjwl-vge-iKv1dfwnB6n3_XIKofo/edit,false,"[""3fecc579-b78f-4137-9a8e-36638b0b602f/mail_table.jpg""]","[""Sort"",""Organize""]",Mail Table,2025-12-16 02:52:29.691792+00,2025-12-16 02:52:29.691792+00,
404a1242-3192-498d-aaf1-c402efd3a944,Paint Booth,Paint Booth,Booth/Enclosure,https://docs.google.com/document/d/1Z-kOrPVMC9AQxHzx4btwqeWOIj6n7ewEyXnHGkZAtUA/edit,false,"[""404a1242-3192-498d-aaf1-c402efd3a944/paint_booth.jpg""]","[""Paint"",""Spray"",""Contain""]",Paint Booth,2025-12-16 02:52:29.691792+00,2025-12-16 02:52:29.691792+00,
5acd094e-86da-43f5-b898-11d1e1a9ddc4,Wire Wheel,Wire Wheel,Wire Wheel,https://docs.google.com/document/d/1fhPspUu6IivoAFJENmd0yJszzNMYI35ps141F_IF6Po/edit?tab=t.0,false,"[""5acd094e-86da-43f5-b898-11d1e1a9ddc4/wire_wheel.jpg""]","[""clean"",""strip"",""polish""]",Wire Wheel,2025-12-16 02:52:29.691792+00,2025-12-16 02:52:29.691792+00,
69145be5-5161-47d2-bdd8-97ef6b4d120d,Form 3,Formlabs,3D Printer,,true,"[""69145be5-5161-47d2-bdd8-97ef6b4d120d/formlabs_form3.webp""]","[""3D print""]",Formlabs Form 3 SLA Printer,2025-07-16 20:45:20.939839+00,2025-07-16 20:45:20.939839+00,"{""bed_cm"":""14.5 x 14.5 x 19.3"",""print_speed"":""Varies""}"
6b41e6c4-4012-4b9c-ad04-e79ba36a1ef4,Press: 55 Ton/Arbor,Press,Press,https://docs.google.com/document/d/1KzBhv1XHo_HiDCAnQmt0hdue-plHSq8CTNMiBnxH-zc/edit,false,"[""6b41e6c4-4012-4b9c-ad04-e79ba36a1ef4/press.jpg""]","[""Press"",""Bend"",""Force""]",Press: 55 Ton/Arbor,2025-12-16 02:52:29.691792+00,2025-12-16 02:52:29.691792+00,
6c93adb9-8c07-4aa6-9487-ba6f213b0d88,Sand Blaster,Sand Blaster,Sand Blaster,https://docs.google.com/document/d/1NvclwtWvolYm_iKqBQLmZ9Ci2URpOqkYFGKrJeHezII/edit?tab=t.0,false,"[""6c93adb9-8c07-4aa6-9487-ba6f213b0d88/sand_blaster.jpg""]","[""blast"",""propel""]",Sand Blaster,2025-12-16 02:52:29.691792+00,2025-12-16 02:52:29.691792+00,
6de59036-db47-472e-8d1c-02312333f119,N/A,N/A,Woodworking,,false,,,13” Thickness Planer,2026-03-10 14:52:55.01453+00,2026-03-10 14:52:55.01453+00,
711ca57f-5c42-46c8-b8ae-949b711539d9,TIG Welder,TIG Welder,TIG Welder,https://docs.google.com/document/d/1qhv52cRqm8pIDWfXwkjVy9k39Gy506xdvaUN72f_Boo/edit?tab=t.0,false,"[""711ca57f-5c42-46c8-b8ae-949b711539d9/tig_welder.jpg""]","[""weld""]",TIG Welder,2025-12-16 02:52:29.691792+00,2025-12-16 02:52:29.691792+00,
7525f444-1d76-4b58-8db4-c829ed09bb68,FabLight 4500,FabLight,Fiber Laser,,true,"[""7525f444-1d76-4b58-8db4-c829ed09bb68/FabLight.png""]","[""cut"",""drill""]",FabLight 4500,2025-07-16 20:45:20.939839+00,2025-07-16 20:45:20.939839+00,"{""bed_in"":""24 x 48"",""max_thickness_in"":""Aluminum 0.125, Copper 0.040, Brass 0.0625""}"
82af01c1-be9b-4ead-a11d-7e42d9358b9b,Tire Changer,Tire Changer,Automotive Tool,https://docs.google.com/document/d/1bmMfNFXY074jfW6EtminFZnPHkqbUjlsX2owFV3Tik4/edit,false,"[""82af01c1-be9b-4ead-a11d-7e42d9358b9b/tire_changer.jpg""]","[""Mount"",""Dismount"",""Change""]",Tire Changer,2025-12-16 02:52:29.691792+00,2025-12-16 02:52:29.691792+00,
84841b60-b43f-4720-8a02-a17ca5a201a6,Caliper And Micrometer,Caliper And Micrometer,Measurement Tool,https://docs.google.com/document/d/1laFfSGsPe6OqIvNMTTLjysxTqkP2X1qMitOLMfX3d8g/edit,false,"[""84841b60-b43f-4720-8a02-a17ca5a201a6/caliper_and_micrometer.png""]","[""Measure""]",Caliper And Micrometer,2025-12-16 02:52:29.691792+00,2025-12-16 02:52:29.691792+00,
8e2c3056-97ab-4c6f-a0ff-4adcfcbd824e,Plasma Cutter,Plasma Cutter,Plasma Cutter,https://docs.google.com/document/d/1GZW547akHKbqcN4KksYVkpNuoZUwFxb0N4LJJwQQS08/edit,false,"[""8e2c3056-97ab-4c6f-a0ff-4adcfcbd824e/plasma_cutter.jpg""]","[""Cut""]",Plasma Cutter,2025-12-16 02:52:29.691792+00,2025-12-16 02:52:29.691792+00,
9422e8d5-5f45-4140-8cbe-fd57c9df457f,Series 2,Bridgeport,Vertical Mill,https://docs.google.com/document/d/1Cdya_nk4vPELDFKacved3GGJM8BQHhXXGp-YZ2JJHso/edit?tab=t.0,false,"[""9422e8d5-5f45-4140-8cbe-fd57c9df457f/series_2_bridgeport.png""]","[""mill""]",Series 2 Bridgeport,2025-12-16 02:52:29.691792+00,2025-12-16 02:52:29.691792+00,
94710432-3c09-43ef-a250-c75029b90e4d,Pedestal Grinder,Pedestal Grinder,Pedestal Grinder,https://docs.google.com/document/d/13bSDKxGwAMCGyfgkSGrWAOQDwVISHN7cqwVZEj5hgNg/edit?tab=t.0,false,"[""94710432-3c09-43ef-a250-c75029b90e4d/pedestal_grinder.png""]","[""grind""]",Pedestal Grinder,2025-12-16 02:52:29.691792+00,2025-12-16 02:52:29.691792+00,
9888c2bd-9c49-4c4d-a96e-66a564621e3d,Hole Punch,Hole Punch,Punch,https://docs.google.com/document/d/1dAn_L9kpCFpFmGnvfUAIu1kqCAWUUcLk0UiP9QsF5FQ/edit,false,"[""9888c2bd-9c49-4c4d-a96e-66a564621e3d/hole_punch.jpg""]","[""Punch""]",Hole Punch,2025-12-16 02:52:29.691792+00,2025-12-16 02:52:29.691792+00,
9e07e70d-25ed-47c4-82bc-2dd6172c7e97,Vertical Bandsaw,Vertical Bandsaw,Bandsaw,https://docs.google.com/document/d/1_Y0ttffTjWAvOizhc3yEHYsNGlzCelQC3adHxWDKOpI/edit,false,"[""9e07e70d-25ed-47c4-82bc-2dd6172c7e97/vertical_bandsaw.png""]","[""Cut"",""Contour""]",Vertical Bandsaw,2025-12-16 02:52:29.691792+00,2025-12-16 02:52:29.691792+00,
9e201a44-8290-4e71-9797-f3eebd6a3cdb,Big Fan,Big Fan,Fan,https://docs.google.com/document/d/1dp7cAWu2qBsINJLHUj89sJQ9ydLKcliVNq6LMEtpQv0/edit,false,"[""9e201a44-8290-4e71-9797-f3eebd6a3cdb/big_fan.jpg""]","[""Ventilate"",""Cool""]",Big Fan,2025-12-16 02:52:29.691792+00,2025-12-16 02:52:29.691792+00,
a05583f6-a1fb-461c-9bd0-2eed9ee4b6b3,Mig Welder,Mig Welder,Welder,https://docs.google.com/document/d/1it5CjXz2i2RlYu1E4AxtgRKIVL_sQ9dHNpM8SfjoNkM/edit,false,"[""a05583f6-a1fb-461c-9bd0-2eed9ee4b6b3/mig_welder.png""]","[""Weld"",""Fuse""]",Mig Welder,2025-12-16 02:52:29.691792+00,2025-12-16 02:52:29.691792+00,
cb86693e-c6a0-4ab0-962e-3fec41b1b804,M300,Harrison,Lathe,,false,"[""cb86693e-c6a0-4ab0-962e-3fec41b1b804/harrison.jpg""]","[""shape""]",Harrison 600 group M300 lathe,2025-07-16 20:45:20.939839+00,2025-07-16 20:45:20.939839+00,"{""max_speed_rpm"":2500,""min_speed_rpm"":40,""working_area_in"":""12 x 32 x 10""}"
cd3104f5-9f7b-4cae-9f6c-bb07aa61329f,ShopVac,ShopVac,Vacuum,https://docs.google.com/document/d/1Zs1bmK9s-hcWBv6EchCXxH8tzcgdR6jEE_tvOYH2XsU/edit,false,"[""cd3104f5-9f7b-4cae-9f6c-bb07aa61329f/shopvac.webp""]","[""Clean"",""Vacuum""]",ShopVac,2025-12-16 02:52:29.691792+00,2025-12-16 02:52:29.691792+00,
d409b252-d1c0-4156-8573-036231dafdb5,Angle Grinder,Angle Grinder,Grinder,https://docs.google.com/document/d/1YUIc0PLcx16lw2ZIcy5nVePTqP__N0rAkUvF1F4KmN4/edit,false,"[""d409b252-d1c0-4156-8573-036231dafdb5/angle_grinder.png""]","[""Grind"",""Cut""]",Angle Grinder,2025-12-16 02:52:29.691792+00,2025-12-16 02:52:29.691792+00,
d4baf57e-bb9c-49c2-ad0c-421241ddf3d6,Hand Brake,Hand Brake,Sheet Metal Brake,https://docs.google.com/document/d/189D6URCU6G-bGil_l-OTDdCkSNj9OZGG4lngQ-yLAXQ/edit,false,"[""d4baf57e-bb9c-49c2-ad0c-421241ddf3d6/hand_brake.jpg""]","[""Bend"",""Fold""]",Hand Brake,2025-12-16 02:52:29.691792+00,2025-12-16 02:52:29.691792+00,
d4d2b188-7e6b-43a7-950c-72aa8a791004,90° Notcher,90° Notcher,Notcher,https://docs.google.com/document/d/15kFwJ5GCHCfcxJmUe4vfdrkwqx27biilplk3OfbVUX4/edit,false,"[""d4d2b188-7e6b-43a7-950c-72aa8a791004/90_degree_notcher.jpg""]","[""Notch""]",90° Notcher,2025-12-16 02:52:29.691792+00,2025-12-16 02:52:29.691792+00,
db8d1b05-2b1b-42d5-acac-522995a84855,Abrasive Cut Off Saw,Abrasive Cut Off Saw,Saw,https://docs.google.com/document/d/1hH31-WPPx2EG4HRWEzRdSwRoYNSwOHs89CGWRA2EbP8/edit,false,"[""db8d1b05-2b1b-42d5-acac-522995a84855/abrasive_cut_off_saw.jpg""]","[""Cut""]",Abrasive Cut Off Saw,2025-12-16 02:52:29.691792+00,2025-12-16 02:52:29.691792+00,
e7049f38-ea18-4c12-8261-fa1e79f54af7,Sanding Tent,Sanding Tent,Enclosure/Booth,https://docs.google.com/document/d/1tXf2LCaeTGHZxdRkITmt3BQxk3_zRvBFjcQxJdFwDm0/edit,false,"[""e7049f38-ea18-4c12-8261-fa1e79f54af7/sanding_tent.webp""]","[""Contain"",""Filter""]",Sanding Tent,2025-12-16 02:52:29.691792+00,2025-12-16 02:52:29.691792+00,
ec76f514-5bad-43d0-8750-5619686e4b4e,Drill Press,Drill Press,Drill Press,https://docs.google.com/document/d/1rKQQKYtYwyDmROt8mZc7DNZWIFlWohQSvnI_MRrulAM/edit,false,"[""ec76f514-5bad-43d0-8750-5619686e4b4e/drill_press.png""]","[""Drill""]",Drill Press,2025-12-16 02:52:29.691792+00,2025-12-16 02:52:29.691792+00,
f914c2b7-b48f-4094-a87a-b2d66cd60c2e,Metal Shear,Metal Shear,Shear,https://docs.google.com/document/d/111Ztb1RNuZ5TCFukrbX33AJrIhVSkBa8IBtFKVkeWCE/edit,false,"[""f914c2b7-b48f-4094-a87a-b2d66cd60c2e/metal_shear.jpg""]","[""Shear"",""Cut""]",Metal Shear,2025-12-16 02:52:29.691792+00,2025-12-16 02:52:29.691792+00,
faeb13c7-31db-4fa6-9075-c558641eee6f,Abrasive Tube Notcher,Abrasive Tube Notcher,Notcher,https://docs.google.com/document/d/1fvVovck936J1Ly_m1eRbdZtq6m3FetfggMUN7NGGme4/edit,false,"[""faeb13c7-31db-4fa6-9075-c558641eee6f/abrasive_tube_notcher.jpg""]","[""Notch"",""Cope"",""Grind""]",Abrasive Tube Notcher,2025-12-16 02:52:29.691792+00,2025-12-16 02:52:29.691792+00,
fe071a79-0426-4242-a914-7ab8f50ee8d6,Oxy/Acetelyne Torch,Oxy/Acetelyne Torch,Torch,https://docs.google.com/document/d/14rovkHqhwIWvahjVgE_OEhpOqjwgKtsCFm2yLaIbRaQ/edit,false,"[""fe071a79-0426-4242-a914-7ab8f50ee8d6/oxy_acetylene_torch.webp""]","[""Cut"",""Weld"",""Heat""]",Oxy/ Acetelyne Torch,2025-12-16 02:52:29.691792+00,2025-12-16 02:52:29.691792+00,
fe1ff0c7-553f-4bb7-abad-5689594dd1f9,Tormax,Romi,Lathe,https://docs.google.com/document/d/1mr10SiX8UXsGvla6WhAt0Uf6z4fDbyNdixD6hGuc9bA/edit?tab=t.0,false,"[""fe1ff0c7-553f-4bb7-abad-5689594dd1f9/tormax_romi_lathe.jpg""]","[""shape""]",Tormax Romi Lathe,2025-12-16 02:52:29.691792+00,2025-12-16 02:52:29.691792+00,